KRX:005930,12-Sep-16,1575000,1465000,-6.984126984,product recall,http://www.cnbc.com/2016/09/12/samsung-note-7-recall-more-than-14-billion-wiped-off-shares-as-crisis-rages-on.html,http://www.reuters.com/article/southkorea-markets-midday-idUSL3N1BO1BJ,http://gizmodo.com/samsungs-galaxy-note-7-recall-is-a-nightmare-so-far-1786448890,https://qz.com/779270/samsung-has-lost-26-billion-in-value-since-it-recalled-the-galaxy-note-7/,http://money.cnn.com/2016/09/12/technology/samsung-note-7-recall-battery-fires-stock/index.html,http://fortune.com/2016/09/12/galaxy-note7-explodes-boy/,http://time.com/4487359/samsung-galaxy-note-7-recall-stock/,https://www.theinquirer.net/inquirer/news/2470429/samsung-to-remotely-deactivate-galaxy-note-7-handsets-after-six-year-old-injured,http://money.cnn.com/2016/09/12/technology/samsung-note-7-recall-battery-fires-stock/index.html,http://www.cnbc.com/2016/09/12/samsung-note-7-recall-more-than-14-billion-wiped-off-shares-as-crisis-rages-on.html,http://www.telegraph.co.uk/technology/2016/09/12/exploding-samsung-note-7-sets-jeep-on-fire-how-to-check-your-pho/,http://www.androidauthority.com/investors-finally-realized-bad-situation-samsung-715945/,http://www.marketwatch.com/story/samsungs-stock-plunges-to-biggest-ever-price-decline-but-analysts-see-a-bottom-2016-09-12,https://www.forbes.com/sites/andrewbender/2016/09/12/exploding-batteries-get-samsung-galaxy-note-7-barred-from-airplanes/#19cc8f2e2359,https://blogs.wsj.com/riskandcompliance/2016/09/12/crisis-of-the-week-samsung-and-the-exploding-phone-batteries/
KRX:005930,10-Oct-16,1680000,1545000,-8.035714286,product recall,http://www.cnbc.com/2016/10/10/shares-of-apples-stock-tick-higher-amid-samsung-woes.html,https://www.nytimes.com/2016/10/11/business/samsung-galaxy-note-fires.html?_r=0,https://www.bloomberg.com/news/articles/2016-10-10/samsung-s-mounting-crisis-is-an-opportunity-for-apple-and-google,http://fortune.com/2016/10/10/timeline-samsun-galaxy-note-recall-crisis/,https://www.theverge.com/2016/10/10/13236532/samsung-galaxy-note-7-stop-sale-recall,https://www.nytimes.com/2016/10/11/business/samsung-galaxy-note-fires.html,https://www.usatoday.com/story/tech/columnist/baig/2016/10/10/turn-off-your-galaxy-note-7-right-now-cpsc-says/91874652/,http://www.bbc.com/news/technology-37605948,http://www.npr.org/sections/thetwo-way/2016/10/10/497439060/samsung-halts-production-of-galaxy-note-7-smartphones,http://money.cnn.com/2016/10/10/technology/samsung-galaxy-note-7-turn-off/index.html,http://www.cnbc.com/2016/10/09/samsung-has-temporarily-suspended-production-of-galaxy-note-7-report.html,https://www.theguardian.com/technology/2016/oct/10/samsung-halts-production-galaxy-note-7-phone-battery-fires,,,
KRX:005930,12-Feb-17,1920200,1859300,-3.171544631,malpractice investigation,http://english.yonhapnews.co.kr/national/2017/02/12/0302000000AEN20170212002600315.html,http://www.koreatimes.co.kr/www/nation/2017/02/251_223834.html,http://www.bbc.co.uk/news/business-38952744,http://www.bbc.co.uk/news/business-38952744,http://www.businesstimes.com.sg/government-economy/samsung-heir-to-be-quizzed-again-over-corruption-scandal,http://www.reuters.com/article/us-southkorea-politics-samsung-group-idUSKBN15S01Y,http://www.cnbc.com/2017/02/12/samsung-group-chief-appears-at-south-korea-special-prosecutors-office.html,https://www.thestar.com/news/world/2017/02/12/south-korean-prosecutors-question-samsung-heir-over-bribery-allegations.html,http://www.marketwatch.com/story/samsung-heir-questioned-again-in-korean-corruption-investigation-2017-02-12,http://www.aljazeera.com/news/2017/02/south-korea-summons-samsung-chief-graft-case-170213044510484.html,,,,,
KRX:005930,1-Mar-17,1923400,1964200,2.121243631,product rumour,http://www.dailymail.co.uk/sciencetech/article-4271638/Final-image-Samsung-s-make-break-Galaxy-S8-LEAKED.html,http://fortune.com/2017/03/01/samsung-galaxy-s8-leak/,https://www.cnet.com/news/samsung-galaxy-s8-complete-render-leak/,http://fortune.com/2017/03/01/samsung-electric-product-quality-improvement/,http://bgr.com/2017/03/01/galaxy-s8-leaked-images-specs-exclusive/,https://www.thesun.co.uk/news/2983798/samsung-s8-leaks-finally-reveal-smartphone-in-all-its-glory/,https://www.forbes.com/sites/ewanspence/2017/03/01/samsung-galaxy-s8-press-images-leak/#61373ff64bb1,https://www.thesun.co.uk/news/2983798/samsung-s8-leaks-finally-reveal-smartphone-in-all-its-glory/,http://bgr.com/2017/03/01/galaxy-s8-leaked-images-specs-exclusive/,https://www.cnet.com/news/samsung-galaxy-s8-complete-render-leak/,http://www.independent.co.uk/life-style/gadgets-and-tech/news/samsung-galaxy-s8-launch-first-image-smartphone-leaked-mwc-2017-design-infinity-display-a7605276.html,,,,
KRX:005930,20-Jun-17,2316800,2396900,3.457354972,product launch,https://www.reuters.com/article/us-samsung-elec-smartphones-idUSKBN19B0W0,http://www.pcmag.com/news/354436/samsung-expected-to-launch-galaxy-note-8-in-august,http://fortune.com/2017/06/20/samsung-galaxy-note-8-launch/,http://www.dailymail.co.uk/sciencetech/article-4622450/Samsung-launch-Galaxy-Note-8-August.html,https://www.engadget.com/2017/06/20/samsung-galaxy-note-8-launch-in-august/,https://www.theverge.com/circuitbreaker/2017/6/20/15841660/samsung-galaxy-note-8-august-announcement-rumor-report,,,,,,,,,
KRX:005930,15-Sep-17,2501900,2611600,4.384667653,product launch,https://www.forbes.com/sites/ianmorris/2017/09/15/5-reasons-to-buy-the-samsung-galaxy-note-8/#3754203a5284,https://www.theverge.com/circuitbreaker/2017/9/15/16308132/samsung-galaxy-note-8-for-sale-buy-now,https://www.engadget.com/2017/09/15/samsung-galaxy-note-8-stores-today/,http://www.techradar.com/news/samsung-galaxy-note-8-is-in-stores-today,https://www.cnet.com/news/samsung-says-galaxy-note-8-is-about-love-not-productivity/,,,,,,,,,,
KRX:005930,10-Oct-17,2554700,2672000,4.591537167,positive outlook,http://fortune.com/2017/10/04/samsung-apple-profits-iphonex/,https://www.phoneworld.com.pk/iphone-x/,https://www.theverge.com/circuitbreaker/2017/10/2/16404430/samsung-iphone-x-galaxy-s8-screen-components-money-revenue-display,https://www.wsj.com/articles/why-apple-rival-samsung-also-wins-if-iphone-x-is-a-hit-1506936602,http://www.foxbusiness.com/features/2017/10/03/samsung-to-benefit-if-iphone-x-is-success-wsj.html,https://tribune.com.pk/story/1519268/samsung-note-8-beats-iphone-8-speed-test/,,,,,,,,,
NYSE:VZ,1/23/2017,52.43,49.8,-5.016212092,earnings miss,http://www.foxbusiness.com/markets/2017/01/23/verizon-stock-downgraded-what-need-to-know.html,http://markets.businessinsider.com/news/stocks/verizon-stock-price-january-24-2017-2017-1-1001690845,http://www.reuters.com/article/us-verizon-results-idUSKBN1581GM,http://fortune.com/2017/01/24/verizon-q4/,https://www.bloomberg.com/news/articles/2017-01-24/verizon-misses-profit-estimates-as-holiday-promotions-take-toll,http://www.marketwatch.com/story/verizon-revenue-dips-on-decline-in-new-additions-2017-01-24-154851839,http://www.investors.com/news/technology/verizon-stock-falls-eps-revenue-outlook-more-of-the-same/,https://www.thestreet.com/story/13963188/1/verizon-misses-fourth-quarter-earnings-estimates-as-investors-await-details-on-yahoo-deal.html,https://www.usatoday.com/story/tech/news/2017/01/24/verizon-shares-dip-q4-earnings-miss/96974284/,http://www.marketwatch.com/story/verizon-shares-drop-more-than-2-after-company-misses-q4-profit-expectations-2017-01-24,http://www.cnbc.com/2017/01/24/verizon-earnings-86-cents-vs-89-cents-estimate.html,,,,
NYSE:VZ,2/17/2017,48.26,49.44,2.445089101,acquisitions,http://www.investopedia.com/news/verizon-buys-skyward-expands-drone-iot-offerings/,http://seekingalpha.com/article/4047179-verizon-acquires-skyward-drone-operations-management-system,https://techcrunch.com/2017/02/16/verizon-buys-skyward-a-drone-operations-company/,http://www.eweek.com/mobile/verizon-acquires-drone-operations-management-vendor-skyward,https://www.mobileworldlive.com/featured-content/home-banner/verizon-buys-drone-management-firm-to-boost-iot/,https://www.expouav.com/news/latest/bringing-skyward-drone-operations-management-platform-verizon-internet-things-iot-portfolio/,,,,,,,,,
NYSE:VZ,7/27/2017,44.4,47.81,7.68018018,subscriber increase,https://techcrunch.com/2017/07/27/verizon-q2/,https://www.reuters.com/article/us-verizon-results/verizon-quarterly-subscriber-additions-top-estimates-shares-up-idUSKBN1AC1M8,http://variety.com/2017/biz/news/verizon-q2-2017-earnings-1202508393/,https://www.cnbc.com/2017/07/27/verizon-earnings-q2-2017.html,https://www.fool.com/investing/2017/07/27/unlimited-plans-help-boost-verizon-subscriber-figu.aspx,http://www.crainsnewyork.com/article/20170727/TECHNOLOGY/170729897/verizon-shares-rise-as-it-adds-more-wireless-customers,http://www.channelpartnersonline.com/2017/07/27/unlimited-data-plans-help-verizon-beat-q2-expectations/,https://www.cnet.com/news/verizon-keeps-top-spot-as-best-performing-network/,http://fortune.com/2017/07/26/verizon-rootmetrics-tmobile-sprint/,https://www.forbes.com/sites/greatspeculations/2017/07/26/verizon-q2-preview-impact-of-unlimited-plans-in-focus/#46191a3c6c30,,,,,
NYSE:VZ,10/6/2017,49.86,48.79,-2.146008825,dividend,http://kldaily.com/as-verizon-communications-inc-vz-shares-declined-park-national-corp-has-boosted-by-4-95-million-its-holding/,,,,,,,,,,,,,,
NYSE:VZ,10/19/2017,48.12,49.73,3.345802161,earning reports,https://www.cnbc.com/2017/10/19/verizon-earnings-q3-2017.html,https://www.usatoday.com/story/tech/news/2017/10/19/verizon-sees-more-signs-pay-tv-cord-cutting/779249001/,http://nypost.com/2017/10/19/verizon-subscriptions-spike-after-unlimited-data-offer/,,,,,,,,,,,,
NASDAQ:YHOO,1/24/2017,41.99,43.99,4.763038819,earnings,http://markets.businessinsider.com/news/stocks/yahoo-stock-price-january-24-2017-2017-1-1001690347,http://finance.yahoo.com/news/yahoo-earnings-boost-share-price-122002019.html,http://www.cnbc.com/2017/01/23/yahoo-to-report-fourth-quarter-q4-2016-earnings.html,https://www.recode.net/2017/1/23/14363042/last-yahoo-earnings-beats-expectations,,,,,,,,,,,
NASDAQ:YHOO,2/15/2017,45,45.69,1.533333333,acquisitions,http://www.cnbc.com/2017/02/15/yahoo-rallies-amid-report-verizon-said-to-tentatively-reached-revised-deal.html,https://www.wsj.com/articles/verizon-yahoo-near-revised-deal-that-cuts-price-of-tech-firm-by-about-300-million-1487175822,https://www.bloomberg.com/news/articles/2017-02-15/verizon-said-to-reach-revised-price-for-yahoo-in-wake-of-hacks,https://www.usatoday.com/story/tech/news/2017/02/15/yahoo-revised-verizon-deal/97941838/,http://www.reuters.com/article/us-yahoo-m-a-verizon-idUSKBN15U21R,https://www.forbes.com/sites/briansolomon/2017/02/15/verizon-and-yahoo-set-to-revise-deal-with-300-million-haircut/#c6081af5c0c1,https://www.theverge.com/2017/2/15/14624368/verizon-yahoo-acquisition-offer-250-million-cut,,,,,,,,
NASDAQ:YHOO,2/21/2017,45.09,46.22,2.506098913,acquisitions,https://www.bloomberg.com/news/articles/2017-02-21/verizon-said-to-reach-deal-for-lowered-yahoo-price-after-hacks,https://techcrunch.com/2017/02/21/verizon-knocks-350m-off-yahoo-sale-after-data-breaches-now-valued-at-4-48b/,http://www.prnewswire.com/news-releases/verizon-and-yahoo-amend-terms-of-definitive-agreement-300410420.html,http://www.reuters.com/article/us-yahoo-m-a-verizon-idUSKBN1601EK,https://www.nytimes.com/2017/02/21/technology/verizon-will-pay-350-million-less-for-yahoo.html,https://www.washingtonpost.com/news/the-switch/wp/2017/02/21/why-verizon-is-still-buying-yahoo-on-sale-despite-that-epic-security-breach/?utm_term=.1a7741ec88b7,https://www.usnews.com/news/business/articles/2017-02-21/yahoo-salvages-verizon-deal-with-350-million-discount,,,,,,,,
NASDAQ:AABA,8/17/2017,60.65,62.2,2.555647156,riding alibaba's success,http://www.investopedia.com/news/altaba-stock-riding-alibabas-earnings-results/,http://www.investors.com/news/technology/altaba-enjoying-the-ride-as-alibaba-beats-expectations/,http://www.investopedia.com/news/13fs-one-most-popular-stocks-q2-altaba-sec-filing/,,,,,,,,,,,,
NASDAQ:AABA,10/25/2017,66.6,65.65,-1.426426426,,https://www.analystsbuzz.com/2017/10/25/altaba-inc-aaba-24-30-off-from-200-sma/,,,,,,,,,,,,,,
NASDAQ:FB,2/22/2017,133.53,136.66,2.344042537,collaboration,https://www.bloomberg.com/news/articles/2017-02-22/facebook-said-in-talks-to-stream-major-league-baseball-games,http://fortune.com/2017/02/22/facebook-video-tv-mlb/,http://www.reuters.com/article/us-facebook-mlb-idUSKBN1602MY,http://www.thedrum.com/news/2017/02/22/facebook-line-weekly-mlb-match-live-streams,http://www.investors.com/news/live-streamed-baseball-might-be-coming-to-facebook-says-reuters/,http://www.tubefilter.com/2017/02/21/facebook-major-league-baseball-mlb/,https://www.theverge.com/2017/2/21/14693168/facebook-major-league-baseball-streaming-sports-deal,,,,,,,,
NASDAQ:FB,6/8/2017,154.71,149.6,-3.302953914,degraded by analyst,http://www.investors.com/news/technology/forget-fang-goldman-adds-apple-microsoft-faamg-to-tech-leaders/,http://www.businessinsider.com/tech-stocks-are-getting-slammed-2017-6,http://www.cnbc.com/2017/06/09/fang-stocks-slammed-goldman-compares-them-to-tech-bubble.html,,,,,,,,,,,,
NASDAQ:FB,7/26/2017,165.61,170.44,2.91649055,earning reports,https://www.inc.com/sonya-mann/facebook-second-quarter-earnings.html,https://www.cnbc.com/2017/07/26/facebook-earnings-q2-2017.html,https://techcrunch.com/2017/07/26/facebook-earnings-q2-2017/,http://adage.com/article/digital/facebook-brands-ready-6-video-ads/309929/,https://qz.com/1039239/facebook-fb-q2-2017-earnings/,http://blogs.marketwatch.com/thetell/2017/07/26/facebook-earnings-put-instagram-in-focus-amid-shift-in-newsfeed-ads-live-blog/,http://www.nasdaq.com/article/earnings-confirm-facebook-is-better-investment-than-twitter-cm822554,,,,,,,,
NASDAQ:FB,9/25/2017,170.28,163.24,-4.134366925,russian divisive ads,https://www.engadget.com/2017/09/25/russia-linked-facebook-ads-exploited-social-divisions/,http://www.businessinsider.com/russian-linked-facebook-ads-sow-chaos-racial-religious-groups-2017-9,http://nypost.com/2017/09/25/russia-reportedly-bought-thousands-of-politically-charged-facebook-ads/,http://thehill.com/policy/technology/352331-report-russian-facebook-ads-sought-to-stress-racial-divisions,https://www.washingtonpost.com/business/technology/russian-operatives-used-facebook-ads-to-exploit-divisions-over-black-political-activism-and-muslims/2017/09/25/4a011242-a21b-11e7-ade1-76d061d56efa_story.html?utm_term=.42b610e7093e,https://www.cbsnews.com/news/some-russian-facebook-ads-were-meant-to-aggravate-racial-religious-divides-report/,https://globalnews.ca/news/3768756/russia-facebook-election-ads-exploit-u-s-racial-divides/,https://www.cnbc.com/2017/09/25/russian-facebook-ads-targeted-black-lives-matter-muslims-election.html,,,,,,,
NASDAQ:FB,10/19/2017,176.16,174.06,-1.192098093,russian divisive ads,https://www.vox.com/policy-and-politics/2017/10/19/16503380/facebook-google-online-political-ads,https://www.theguardian.com/technology/2017/oct/19/google-facebook-anti-refugee-campaign-secure-america-now,https://www.axios.com/mccains-latest-surprise-regulate-facebook-2498450082.html,https://www.cnbc.com/2017/10/19/facebook-general-counsel-colin-stretch-to-testify-in-russia-probe.html,http://www.slate.com/blogs/future_tense/2017/10/19/google_facebook_and_twitter_and_their_culpability_in_the_2016_election.html,https://www.nytimes.com/2017/10/19/us/politics/facebook-google-russia-meddling-disclosure.html,https://techcrunch.com/2017/10/19/honest-ads-acts-facebook-google-twitter-ads-regulated/,https://www.theregister.co.uk/2017/10/19/senators_seek_disclosure_rules_for_online_political_ads/,https://www.cnet.com/news/mccain-honest-ads-act-looks-to-regulate-online-political-ads/,,,,,,
NASDAQ:NFLX,10/17/2016,99.8,104,4.208416834,earning hit,http://www.cnbc.com/2016/10/17/netflix-reports-q3-earnings.html,http://www.bbc.com/news/business-37685842,https://techcrunch.com/2016/10/17/netflix-shakes-off-weak-subscriber-growth-and-its-stock-is-skyrocketing/,http://www.reuters.com/article/us-netflix-results-idUSKBN12H2DP,http://www.bbc.com/news/business-37685842,http://blogs.marketwatch.com/thetell/2016/10/17/netflix-earnings-expected-to-show-profit-decline-live-blog/,http://money.cnn.com/2016/10/17/technology/netflix-earnings-subscribers/index.html,,,,,,,,
NASDAQ:NFLX,2/11/2017,144.9,140.84,-2.801932367,consumer backlash,https://www.highlandmirror.com/2017-02-13-large-outflow-of-money-witnessed-in-netflix-inc,http://www.livetradingnews.com/netflix-inc-nasdaqnflx-downgraded-pushes-racial-divide-30120.html#.WLf5zdR95ko,https://www.thesun.co.uk/living/2839817/netflix-comedy-dear-white-people-trailer-sparks-furious-backlash-online-with-customers-cancelling-their-accounts-and-branding-it-racist/,http://www.newsday.com/entertainment/tv/dear-white-people-netflix-series-trailer-sparks-boycott-1.13107748,http://thegrio.com/2017/02/11/dear-white-people-cast-respond-to-critics-calling-for-netflix-boycott/,https://townhall.com/notebook/brianl/2017/02/11/netflix-announces-new-series-dear-white-people--shows-their-true-colors-n2284230,,,,,,,,,
NASDAQ:NFLX,7/18/2017,161.03,183.33,13.84835124,earning hit,http://www.prnewswire.com/news-releases/netflix-releases-second-quarter-2017-financial-results-300489214.html,http://www.reuters.com/article/us-netflix-results-idUSKBN1A225E,https://seekingalpha.com/article/4088342-netflix-massive-subscriber-beat-line-revenues,https://www.ft.com/content/7ff016f4-6bd0-11e7-bfeb-33fe0c5b7eaa,https://www.forbes.com/sites/laurengensler/2017/07/18/wall-street-applauds-netflix-content-subscriber-growth/#5ed546ea4455,https://www.theguardian.com/media/2017/jul/18/netflix-tops-100m-subscribers-international-customers-sign-up,http://www.cnbc.com/2017/07/18/netflix-us-subscriber-growth-appears-nearly-saturated-says-analyst.html,http://www.nbc-2.com/story/35914387/nasdaq-zooms-to-record-as-netflix-soars,http://www.theaustralian.com.au/business/wall-street-journal/netflix-surprises-with-subscriber-gains/news-story/0af2430b587a431340b50a2d3edaa4b5,https://www.nytimes.com/reuters/2017/07/18/business/18reuters-usa-stocks.html,http://www.nasdaq.com/article/close-update-nasdaq-hits-record-after-netflix-results-while-goldman-keeps-dow-seeing-red-cm817745,http://www.schaeffersresearch.com/content/ezines/2017/07/18/netflix-helps-nasdaq-to-record-high-goldman-drags-down-dow-jones-industrial-average,http://markets.businessinsider.com/news/stocks/r-us-stocks-banks-drag-sp-dow-lower-netflix-caps-nasdaq-losses-2017-7-1002183418,http://www.baystreet.ca/techinsider/844/Netflix-at-All-Time-Stock-High,
NASDAQ:MSFT,1/26/2017,63.7,65.7,3.139717425,earnings,https://www.smarteranalyst.com/2017/01/26/thursdays-hours-insights-alphabet-inc-googl-microsoft-corporation-msft-wynn-resorts-limited-wynn/,http://www.nasdaq.com/article/microsoft-corporation-q2-earnings-climb-6-20170126-01485,http://www.valuewalk.com/2017/01/microsoft-intel-earnings/,https://www.forbes.com/sites/alexkonrad/2017/01/26/microsoft-posts-strong-fiscal-q2-earnings-beating-consensus-on-cloud-growth/#6e16ca5067c5,http://www.cnbc.com/2017/01/26/microsoft-earnings-q2-2017.html,https://techcrunch.com/2017/01/26/microsoft-q2-2017-earnings/,https://www.recode.net/2017/1/26/14402736/microsoft-earnings-azure-cloud-business-almost-doubled,https://www.nytimes.com/2017/01/26/business/microsoft-q4-earnings.html,https://www.wired.com/2017/01/dont-want-windows-10-zany-hardware-change-mind/,,,,,,
NASDAQ:MSFT,2/9/2017,63.46,64.16,1.103057044,collaboration,http://www.investopedia.com/news/cisco-has-new-hybrid-cloud-microsoft-azure/,http://www.marketwired.com/press-release/cisco-accelerates-hybrid-cloud-adoption-with-integrated-system-microsoft-azure-stack-nasdaq-csco-2194730.htm,http://www.cbronline.com/news/cloud/hybrid/cisco-connects-microsoft-azure-offer-hybrid-cloud/,http://www.zdnet.com/article/microsoft-adds-cisco-ucs-to-short-list-of-servers-that-will-run-azure-stack/,http://www.crn.com/news/networking/300083705/cisco-gets-tighter-with-microsoft-through-new-ucs-azure-offering-aimed-at-hybrid-cloud-acceleration.htm,https://www.sdxcentral.com/articles/news/cisco-joins-microsofts-azure-stack-club/2017/02/,https://rcpmag.com/articles/2017/02/10/cisco-azure-stack-system-partner.aspx,https://blogs.cisco.com/news/cisco-integrated-system-for-microsoft-azure-stack,http://searchnetworking.techtarget.com/news/450412784/Cisco-joins-Microsoft-in-providing-Azure-Stack-services-in-UCS-server,http://www.eweek.com/cloud/cisco-to-produce-azure-stack-hybrid-cloud-systems,,,,,
NASDAQ:MSFT,7/18/2017,72.74,73.97,1.690954083,earning rumours,https://www.forbes.com/sites/greatspeculations/2017/07/19/microsofts-revenues-set-to-improve-as-cloud-services-gain-traction/#2f623ef14ec5,https://www.thestreet.com/story/14235248/1/microsoft-will-have-tremendous-momentum-in-this-giant-business-and-nobody-is-talking-about-it.html,http://investorplace.com/2017/07/microsoft-corporation-msft-stock-will-plow-through-q4-earnings/,https://www.zacks.com/stock/news/268174/3-key-predictions-for-microsofts-q4-earnings-report,,,,,,,,,,,
NASDAQ:MSFT,10/20/2017,77.68,78.46,1.004119464,bullish trend,https://investorplace.com/2017/10/microsoft-corporation-stock-bulls-should-continue-celebration/#.WfMhNWhL_tQ,https://www.equities.com/news/microsoft-corporation-msft-closes-1-16-up-on-the-day-for-october-20,,,,,,,,,,,,,
NASDAQ:MSFT,10/26/2017,78.65,79.22,0.724729816,earning reports,https://www.theverge.com/2017/10/26/16553052/microsoft-q1-2018-earnings-cloud-revenue-milestone,https://www.cnbc.com/2017/10/26/microsoft-earnings-q1-2018.html,https://www.ft.com/content/59b0e6c2-29ee-3c7a-94ac-b552e6fd8937,https://techcrunch.com/2017/10/26/microsoft-easily-beats-the-street-as-its-cloud-run-rate-passes-20b-a-year-early/,https://www.engadget.com/2017/10/26/microsoft-q1-2018/,http://www.theaustralian.com.au/business/technology/microsoft-soars-on-cloud-wave/news-story/87f99c320881c748a1438b0d153b1047,,,,,,,,,
NASDAQ:YNDX,2/16/2017,22.66,24.69,8.958517211,earnings,http://seekingalpha.com/article/4046814-yandex-n-v-yndx-management-q4-2016-results-earnings-call-transcript,http://finance.yahoo.com/news/russias-yandex-sees-2017-revenue-120154139.html,http://www.reuters.com/article/idUSR4N1D903L,https://finance.yahoo.com/news/yandex-posts-4q-profit-145045545.html,http://searchengineland.com/yandex-reports-22-yoy-increase-revenue-q4-2016-269533,,,,,,,,,,
NASDAQ:YNDX,4/27/2017,22.93,24.71,7.762756215,strong outlook,http://www.barrons.com/articles/russias-yandex-up-10-on-earnings-outlook-taxi-news-1493326191,https://www.thestreet.com/story/14107610/1/russia-s-yandex-hikes-2017-revenue-outlook-weighs-dividend-payout.html,https://seekingalpha.com/article/4064831-yandex-clear-potential-growth,http://www.investors.com/news/technology/yandex-earnings-top-with-stock-already-a-buy-after-google-deal/,http://www.reuters.com/article/us-russia-yandex-results-idUSKBN17T1M1,https://www.fool.com/investing/2017/04/27/why-yandex-nv-stock-popped-today.aspx,http://www.reuters.com/article/brief-yandex-q1-2017-revenues-of-rub-idUSASA09KR4,https://seekingalpha.com/article/4066185-yandex-n-v-yndx-management-q1-2017-results-earnings-call-transcript,,,,,,,
NASDAQ:YNDX,7/13/2017,26.48,31.63,19.44864048,merger,https://www.recode.net/2017/7/13/15964142/uber-russia-yandex-merge-company,https://www.washingtonpost.com/news/the-switch/wp/2017/07/13/why-uber-is-merging-with-its-russian-rival/?utm_term=.7b8243e6186d,https://qz.com/1028866/yandex-taxi-yndx-bested-uber-in-russia-it-wasnt-cheap/,https://www.theverge.com/2017/7/13/15963754/uber-yandex-merger-russia,https://www.nytimes.com/2017/07/13/technology/uber-russia-yandex.html,https://www.bloomberg.com/news/articles/2017-07-13/uber-cedes-russia-to-yandex-with-3-7-billion-merger-agreement,https://www.inc.com/associated-press/uber-yandex-merge-russia.html,http://money.cnn.com/2017/07/13/technology/uber-russia-yandex/index.html,https://www.streetinsider.com/Corporate+News/Yandex+%28YNDX%29+%26+Uber+Agree+to+Combine+Ridesharing+Businesses+in+Russia+and+Neighboring+Countries+into+New+Company/13094505.html,http://www.armradio.am/en/2017/07/13/yandex-taxi-uber-agree-to-merge-businesses-in-russia-armenia-and-beyond/,,,,,
NASDAQ:YNDX,9/1/2017,30.01,32.21,7.330889703,boosted by analysts,https://www.benzinga.com/analyst-ratings/analyst-color/17/09/10007842/shares-of-yandex-up-5-73-earlier-hsbc-raised-price-targ,,,,,,,,,,,,,,
NASDAQ:YNDX,10/24/2017,30.8,32.25,4.707792208,earning reports,https://www.fool.com/investing/2017/10/24/yandex-rides-android-gains-to-market-share.aspx,https://seekingalpha.com/news/3303428-yandex-plus-7_5-percent-boosting-guidance-q3-report,https://www.investing.com/analysis/yandex-yndx-in-focus-stock-moves-67-higher-200220938,http://www.streetobserver.com/2017/10/26/yandex-n-v-yndx-performed-0-95-monthly-upward-move/,,,,,,,,,,,
NASDAQ:AMD,7/22/2016,5.22,6.98,33.7164751,earning reports,https://www.fool.com/investing/2016/07/22/why-shares-of-advanced-micro-devices-inc-jumped-14.aspx,https://www.wsj.com/articles/advanced-micro-devices-swings-to-a-profit-1469135996,http://www.marketwatch.com/story/amd-climbs-on-narrower-than-expected-loss-2016-07-21,https://www.extremetech.com/gaming/232204-amd-reports-a-strong-second-quarter-thanks-to-increased-console-sales-preps-zen-for-2017,https://www.forbes.com/sites/greatspeculations/2016/07/22/amd-turns-profitable-at-last-expected-growth-in-all-businesses-to-help-through-year-end/#68894b9f688c,https://amigobulls.com/articles/shorts-are-fleeing-advanced-micro-devices-inc-stock,,,,,,,,,
NASDAQ:AMD,2/1/2017,10.32,11.92,15.50387597,earning reports,http://www.cnbc.com/2017/02/01/amd-shares-soar-after-lower-than-expected-loss-improved-forecast.html,http://www.nasdaq.com/article/advanced-micro-amd-q4-loss-in-line-view-disappoints-cm741634,http://fortune.com/2017/02/01/amd-chipmaker-shares/,https://www.thestreet.com/story/13974656/1/jim-cramer-advanced-micro-devices-is-a-buy-buy-buy.html,https://www.benzinga.com/news/earnings/17/02/8977782/advanced-micro-devices-q4-report-reaffirms-bullish-thesis,https://www.fool.com/investing/2017/02/01/why-shares-of-amd-jumped-12-today.aspx,,,,,,,,,
NASDAQ:AMD,2/6/2017,12.2,13.68,12.13114754,boosted by analysts,http://www.barrons.com/articles/this-time-amds-revival-is-for-real-1486188068,https://www.fool.com/investing/2017/02/06/why-shares-of-amd-soared-today.aspx,http://www.nasdaq.com/article/heres-why-advanced-micro-amd-stock-is-still-going-up-cm743844,https://seekingalpha.com/article/4043008-amd-things-get-interesting,https://www.benzinga.com/news/17/02/8999606/advanced-micro-devices-continues-to-rip-on-potential-intel-deal,https://www.zacks.com/stock/news/248338/heres-why-advanced-micro-amd-stock-is-still-going-up,http://www.analystratings.com/articles/loop-capital-markets-believes-amd-wont-stop-here/466387/,https://seekingalpha.com/article/4042991-intel-amd-join-forces,,,,,,,
NASDAQ:AMD,2/21/2017,13.1,13.69,4.503816794,product  intrduction,https://www.benzinga.com/news/17/02/9076029/advanced-micro-devices-establishes-new-2017-high-as-new-ryzen-processors-to-ship-,https://www.forbes.com/sites/antonyleather/2017/02/21/amd-ryzen-7-1700x-performance-leak-faster-than-intel-core-i7-5960x/#65650d0f7d03,http://amigobulls.com/articles/advanced-micro-devices-inc-amd-stock-will-head-higher-going-into-vega-preview,https://www.forbes.com/sites/aarontilley/2017/02/22/amd-launches-ryzen-price-performance-win-intel/#34ff34a92289,https://arstechnica.com/information-technology/2017/02/amd-ryzen-arrives-march-2-8-cores-16-threads-from-just-329/,https://seekingalpha.com/article/4048386-amd-regains-ground-long,http://www.pcworld.com/article/3171161/components-processors/amds-ryzen-launches-march-2-outperforming-intels-core-i7-at-a-fraction-of-the-price.html,,,,,,,,
NASDAQ:AMD,3/2/2017,14.96,13.03,-12.90106952,product failure,https://seekingalpha.com/article/4051667-amd-ryzen-quite-live-hype,http://www.cnbc.com/2017/03/02/shares-of-advanced-micro-devices-fall-after-new-cpu-disappoints-with-gaming-performance-.html,https://finance.yahoo.com/news/why-amd-shares-more-500-173920106.html,http://www.investors.com/news/technology/amd-stock-hammered-by-disappointing-game-chip-reviews/,https://www.benzinga.com/news/17/03/9120314/bad-news-for-amd-ryzen-7-getting-negative-reviews,http://investorplace.com/2017/03/advanced-micro-devices-inc-amd-stock-sell/#.WXt0RscjG00,,,,,,,,,
NASDAQ:AMD,5/2/2017,13.62,10.32,-24.22907489,earning miss,http://www.barrons.com/articles/amd-investors-should-keep-faith-amid-carnage-1493751538,http://www.cnbc.com/2017/05/02/goldman-analyst-who-nailed-amd-plunge-sees-more-downside-for-chipmaker.html,http://www.marketwatch.com/story/the-amd-of-investors-dreams-is-not-a-reality-yet-2017-05-01,https://www.forbes.com/sites/aarontilley/2017/05/02/amd-first-quarter-earnings-stock-drop/#3011dc692b8e,https://www.ft.com/content/ca281a14-2f49-11e7-9555-23ef563ecf9a,http://www.businessinsider.com/amd-earnings-q1-2017-2017-5,,,,,,,,,
NASDAQ:AMD,7/18/2017,13.83,13.37,-3.326102675,downgraded by analyst,http://www.barrons.com/articles/amds-epyc-just-not-enough-says-barclays-1500386886,https://www.benzinga.com/analyst-ratings/analyst-color/17/07/9788930/barclays-downgrades-advanced-micro-devices-sees-little-e,http://investorplace.com/2017/07/barclays-slaps-advanced-micro-devices-inc-amd-stock-with-reality/#.WXh-6McjHtQ,http://finnewsdaily.com/is-advanced-micro-devices-ndaqamd-now-a-poor-investment-barclays-capital-downgrades-shares/,https://cnafinance.com/advanced-micro-devices-amd-stock-downgrade-causes-some-real-pain/15974,https://learnbonds.com/134322/advanced-micro-devices-inc-thumped-on-barclays-downgrade/,https://stocknewstimes.com/2017/07/19/advanced-micro-devices-inc-nasdaqamd-lowered-to-underweight-at-barclays-plc.html,https://www.thestockobserver.com/2017/07/20/barclays-plc-lowers-advanced-micro-devices-inc-amd-to-underweight.html,,,,,,,
NASDAQ:AMD,7/26/2017,14.12,15.5,9.773371105,earning hit,http://fortune.com/2017/07/26/amd-stock/,http://www.cnbc.com/2017/07/26/amd-says-sales-this-quarter-will-top-street-by-100-million.html,https://www.thestreet.com/story/14243040/1/amd-soars-on-stellar-q2-results-and-upbeat-guidance-what-wall-street-s-saying.html,http://www.marketwatch.com/story/amds-stock-rockets-to-10-year-high-as-upbeat-results-prompt-analysts-to-boost-targets-2017-07-26,https://www.ft.com/content/01bb6a1a-2f5b-3060-ba6b-6bd927ff3499,http://investorplace.com/2017/07/3-stocks-to-watch-on-wednesday-advanced-micro-devices-inc-amd-the-coca-cola-co-ko-and-united-states-steel-corporation-x/#.WXt2JccjG00,https://www.forbes.com/sites/davealtavilla/2017/07/26/amd-q2-earnings-signal-the-beginning-of-a-turn-around-and-you-may-have-missed-the-ceos-easter-egg/#5a757bf84f03,http://www.eetimes.com/document.asp?doc_id=1332066,https://www.benzinga.com/analyst-ratings/analyst-color/17/07/9825472/wall-street-weighs-in-on-amds-strong-q2-and-what-lies-ah,http://www.barrons.com/articles/amd-surges-7-bulls-cheer-progress-bears-think-shares-overvalued-1501086628,,,,,
NASDAQ:AMD,9/20/2017,12.9,13.63,5.658914729,collaboration,https://www.cnbc.com/2017/09/21/wall-street-is-gushing-over-amd-on-its-a-i-chip-relationship-with-tesla.html,https://www.theverge.com/2017/9/20/16341478/tesla-amd-chip-self-driving-car,https://www.forbes.com/sites/aarontilley/2017/09/20/tesla-and-amd-might-be-working-together-on-a-custom-ai-chip/#6143d3be266f,http://fortune.com/2017/09/20/tesla-chip-amd-self-driving-cars/,http://www.marketwatch.com/story/amd-could-be-a-perfect-fit-for-tesla-2017-09-21,http://www.barrons.com/articles/nvidia-v-amd-street-mulls-head-scratcher-of-a-tesla-rumor-1506007916,http://www.marketwatch.com/story/amds-stock-surges-on-heavy-volume-after-report-tesla-was-working-with-the-chipmaker-2017-09-21,http://www.mercurynews.com/2017/09/21/is-amd-spelling-out-ai-with-tesla/,https://finance.yahoo.com/news/ride-advanced-micro-devices-inc-133618093.html,https://amigobulls.com/articles/78978-amd-stock-is-gaining-momentum-will-the-recent-rally-continue-advanced-micro-devices-inc-nasdaq-amd,https://www.stocknewsgazette.com/2017/09/21/why-you-should-still-buy-advanced-micro-devices-inc-amd-stock-today/,https://www.cnbc.com/2017/09/20/tesla-building-an-ai-chip-for-its-cars-with-amd.html,,,
NASDAQ:AMD,10/3/2017,12.69,13.38,5.437352246,positive outlook,http://www.nasdaq.com/article/why-did-advanced-micro-devices-amd-stock-surge-today-cm854801,https://investorplace.com/2017/10/advanced-micro-devices-inc-amd-is-screaming-higher/#.WfM1LmhL_tQ,https://seekingalpha.com/article/4111080-earnings-preview-advanced-micro-devices,https://stocknewsjournal.com/2017/10/02/taking-a-look-at-the-data-behind-advanced-micro-devices-inc-amd-5/,https://cnafinance.com/advanced-micro-devices-amd-stock-gaining-on-new-embeded-gpu/16648,https://www.zacks.com/stock/news/277622/why-did-advanced-micro-devices-amd-stock-surge-today,http://www.investopedia.com/news/amd-short-interest-hits-record-high/,https://www.streetinsider.com/Analyst+Comments/AMD+%28AMD%29+Short+Interest+Reaches+Record+Levels+-+S3/13353954.html,https://www.equities.com/news/advanced-micro-devices-inc-amd-moves-higher-on-volume-spike-for-october-03,http://finnewsdaily.com/advanced-micro-devices-inc-amd-analysts-see-0-05-eps-2/,,,,,
NASDAQ:AMD,10/25/2017,14.26,12.8,-10.23842917,earning reports,https://seekingalpha.com/article/4116046-advanced-micro-devices-amd-q3-2017-results-earnings-call-transcript,http://www.reuters.com/article/amd-results/chipmaker-amd-reports-25-7-pct-rise-in-quarterly-revenue-idUSL4N1MZ5A4,https://finance.yahoo.com/news/amd-posts-q3-earnings-beat-215609421.html,https://www.benzinga.com/analyst-ratings/analyst-color/17/10/10232685/post-earnings-what-to-do-with-amd-stock,https://news.bitcoin.com/amd-share-price-drops-amidst-expectations-mining-hardware-demand-will-level-off/,https://amigobulls.com/articles/80493-amd-stock-dont-panick-bottom-may-be-in-sight-advanced-micro-devices-inc,,,,,,,,,
NASDAQ:BSX,4/25/2016,19.69,21.89,11.17318436,product approval,http://www.mddionline.com/article/boston-scientific-earns-fda-approval-mr-conditional-pacing-system-04-26-16,http://www.prnewswire.com/news-releases/boston-scientific-receives-us-fda-approval-for-imageready-mr-conditional-pacing-system-300256966.html,http://medcitynews.com/2016/04/boston-scientific-gets-fda-approval-for-pacemakers-designed-to-undergo-mr-scans/,,,,,,,,,,,,
NASDAQ:BSX,1/10/2017,22.19,23.61,6.399278954,product introduction,http://www.streetinsider.com/Conference+Calls/Boston+Scientific+(BSX)+Sees+Solid+Gains+Following+Conference+Presentations/12412500.html,http://seekingalpha.com/news/3234518-boston-sci-expects-launch-lotus-edge-heart-valve-u-s-next-year-shares-ahead-5-percent-hours,https://www.bloomberg.com/news/articles/2017-01-10/boston-scientific-rises-as-ceo-eases-worry-on-growth-prospects,,,,,,,,,,,,
NASDAQ:BSX,2/2/2017,23.92,25.08,4.849498328,earnings,http://finance.yahoo.com/news/boston-scientific-tops-street-4q-114253410.html,http://www.prnewswire.com/news-releases/boston-scientific-announces-results-for-fourth-quarter-and-full-year-ended-december-31-2016-300401021.html,https://www.zacks.com/stock/news/247922/boston-scientific-bsx-tops-q4-earnings-offers-2017-view,http://www.massdevice.com/boston-scientific-swings-black-q4-2016/,http://www.startribune.com/boston-scientific-s-4q-earnings-beat-analysts-forecasts/412540053/,https://seekingalpha.com/article/4042049-boston-scientific-bsx-q4-2016-results-earnings-call-transcript,http://www.barrons.com/articles/no-sophomore-slump-ahead-for-boston-scientific-1486069786,,,,,,,,
NASDAQ:BSX,2/23/2017,25.17,23.65,-6.03893524,product fault,http://www.reuters.com/article/brief-boston-scientific-says-on-feb-23-a-idUSFWN1G80NW,http://www.marketwatch.com/story/boston-scientific-shares-sink-after-device-pulled-lifting-rival-edwards-lifesciences-2017-02-23,http://www.marketwatch.com/story/boston-scientific-sinks-8-after-news-of-device-malfunction-prompting-voluntary-market-removal-2017-02-23,http://www.reuters.com/article/us-boston-scientific-recall-idUSKBN1621NA,https://www.irishtimes.com/business/health-pharma/boston-scientific-recalls-galway-made-lotus-heart-devices-1.2986734,http://www.medscape.com/viewarticle/876161,https://seekingalpha.com/news/3245850-boston-scientific-recalls-lotus-valves-due-possible-manufacturing-defect-shares-slump-7,http://www.startribune.com/boston-scientific-recalls-lotus-valve-heart-devices/414664033/,https://www.streetinsider.com/FDA/Boston+Scientific+%28BSX%29+Weaker+After+Lotus+Valve+Device+Recall/12583872.html,https://www.google.com/search?q=boston+scientific&biw=1185&bih=638&source=lnt&tbs=cdr%3A1%2Ccd_min%3A2%2F23%2F2017%2Ccd_max%3A2%2F23%2F2017&tbm=nws,http://www.reuters.com/article/brief-boston-scientific-says-on-feb-23-a-idUSFWN1G80NW,,,,
NASDAQ:BSX,10/26/2017,29.64,28.88,-2.564102564,earning reports,https://www.equities.com/news/boston-scientific-corporation-bsx-dips-2-67-for-october-26,http://www.nasdaq.com/article/boston-scientifics-bsx-q3-earnings-in-line-sales-top-cm865784,https://stocknewsgazette.com/2017/10/26/boston-scientific-corporation-bsx-vs-abbott-laboratories-abt-which-is-the-better-investment/,http://www.proactiveinvestors.co.uk/companies/news/186287/boston-scientific-tops-forecasts-with-third-quarter-sales-186287.html,http://www.nasdaq.com/article/boston-scientifics-bsx-q3-earnings-in-line-guidance-up-cm866142,,,,,,,,,,
NASDAQ:EW,4/4/2016,88.55,104.86,18.41897233,experiment success,http://www.massdevice.com/edwards-lifesciences-touts-intermediate-risk-data-sapien-devices-acc-2016/,https://www.fool.com/investing/general/2016/04/04/why-edwards-lifesciences-shares-are-surging-17-tod.aspx,https://www.wsj.com/articles/edwards-lifesciences-shares-soar-on-heart-valve-procedure-study-results-1459786067,https://www.wsj.com/articles/edwards-lifesciences-shares-soar-on-heart-valve-procedure-study-results-1459786067,https://www.thestreet.com/story/13516661/1/todays-pre-market-trading-very-positive-for-edwards-lifesciences-ew.html,http://fortune.com/2016/04/04/edwards-lifesci-all-time-high/,,,,,,,,,
NASDAQ:EW,10/26/2016,115.35,93.23,-19.17641959,earnings miss,https://www.fool.com/investing/2016/10/26/why-edwards-lifesciences-corp-got-crushed-by-inves.aspx,http://www.marketwatch.com/story/edwards-lifesciences-shares-tumble-as-sales-miss-2016-10-26,http://www.cnbc.com/2016/10/26/edwards-lifesciences-third-quarter-sales-disappoint-shares-plunge.html,https://www.thestreet.com/story/13867883/1/edwards-lifesciences-ew-stock-tumbles-on-q3-revenue-miss.html,http://www.ocbj.com/news/2016/oct/26/edwards-shares-fall-sapien-sales/,,,,,,,,,,
NASDAQ:EW,2/2/2017,97.22,88.81,-8.65048344,degraded by analysts,http://seekingalpha.com/news/3240043-modest-outlook-sinks-edwards-shares-7-percent-premarket,https://www.benzinga.com/trading-ideas/technicals/17/02/8986373/edward-lifesciences-down-9-despite-q4-beat,http://www.barrons.com/articles/edwards-lifesciences-sinks-9-is-this-a-buying-opportunity-1486052578,https://finance.yahoo.com/news/edwards-lifesciences-ew-beats-earnings-130401052.html,,,,,,,,,,,
NASDAQ:EW,2/23/2017,92.27,96,4.042484014,competitor's product recall,http://www.streetinsider.com/Trader+Talk/UPDATE%3A+Edwards+Lifesciences+(EW)+Gains+on+Competitor+Recall/12583862.html,http://breakingfinancenews.com/investing/edwards-lifesciences-corp-nyseew-stock-price-target-upped-to-106-36-released-a-research-note-earlier-today-by-vetr-inc/187152/,,,,,,,,,,,,,
NASDAQ:EW,4/25/2017,98.9,109.3,10.5156724,earnings hit,http://www.marketwatch.com/story/edwards-lifesciences-shares-surge-on-earnings-beat-outlook-2017-04-25,https://seekingalpha.com/article/4065302-edwards-lifesciences-ew-q1-2017-results-earnings-call-transcript,https://finance.yahoo.com/news/edwards-lifesciences-reports-first-quarter-201500680.html,,,,,,,,,,,,
NASDAQ:EW,7/27/2019,115.73,120.31,3.957487255,earnings hit,https://www.streetinsider.com/Analyst+EPS+Change/Edwards+Lifesciences+%28EW%29%3A+TAVR+Outperformance+Drives+A+PT+Increase+-+Cowen/13134927.html,https://www.zacks.com/stock/news/269276/edwards-lifesciences-ew-tops-q2-earnings-amp-sales-view-up,https://www.google.com/search?q=edward+lifesciences&biw=1185&bih=638&source=lnt&tbs=cdr%3A1%2Ccd_min%3A7%2F27%2F2017%2Ccd_max%3A7%2F27%2F2017&tbm=nws,http://www.nasdaq.com/article/edwards-lifesciences-ew-tops-q2-earnings-sales-view-up-cm822295,https://seekingalpha.com/article/4091048-edwards-lifesciences-ew-q2-2017-results-earnings-call-transcript,http://www.nasdaq.com/article/edwards-lifesciences-corp-profit-climbs-41-in-q2-20170726-01697,,,,,,,,,
NASDAQ:EW,10/25/2017,114.29,102.93,-9.939627264,,http://www.investors.com/news/technology/edwards-lifesciences-crashes-after-heart-valve-sales-miss-lofty-views/,http://www.nasdaq.com/article/edwards-lifesciences-corp-ew-is-sinking-after-q3-profit-disappoints-20171025-00973,https://www.prnewswire.com/news-releases/edwards-lifesciences-reports-third-quarter-results-300542362.html,https://www.streetinsider.com/Earnings/Edwards+Lifesciences+%28EW%29+Tops+Q3+EPS+by+2c/13419169.html,https://finance.yahoo.com/news/edwards-lifesciences-misses-street-3q-202941666.html,https://www.dispatchtribunal.com/2017/10/24/edwards-lifesciences-corporation-to-post-fy2017-earnings-of-3-74-per-share-leerink-swann-forecasts-ew.html,https://weekherald.com/2017/10/24/edwards-lifesciences-corporation-ew-issues-earnings-results-misses-expectations-by-0-02-eps.html,https://stocknewstimes.com/2017/10/25/edwards-lifesciences-corporation-ew-shares-bought-by-oakbrook-investments-llc.html,https://kgazette.com/barclays-reiterates-edwards-lifesciences-ew-as-equal-weight-has-target-price-of-118-bio-rad-laboratories-bio-has-1-24-sentiment/,,,,,,
NASDAQ:SQ,5/6/2016,13.05,10.22,-21.68582375,earning loss ,https://moneymorning.com/2016/05/06/can-the-square-stock-price-recover-from-todays-20-collapse/,http://www.usatoday.com/story/tech/2016/05/05/square-shares-down-slightly-after-quarterly-loss/83967668/,http://www.reuters.com/article/us-square-results-idUSKCN0XW271,http://www.cnbc.com/2016/05/06/square-shares-on-track-for-worst-day-ever-after-big-earnings-loss.html,,,,,,,,,,,
NASDAQ:SQ,8/4/2016,10.12,10.88,7.509881423,earning good reports,https://www.bloomberg.com/news/articles/2016-08-04/square-surges-after-earnings-show-company-on-path-to-profit,http://www.thecountrycaller.com/41037-square-inc-nysesq-price-target-raises-after-posting-q2-beat/,https://www.fool.com/investing/2016/08/04/square-inc-stock-jumps-heres-why.aspx,http://www.cnbc.com/2016/08/03/square-reports-second-quarter-earnings.html,https://www.bloomberg.com/news/articles/2016-08-04/square-finds-profitable-niche-between-food-trucks-and-starbucks,https://seekingalpha.com/article/3995985-square-be-there,,,,,,,,,
NASDAQ:SQ,2/23/2017,15.08,17.2,14.05835544,boosted by analysts,http://www.valuewalk.com/2017/02/square-stock-soars-as-analysts-boost-price-targets/,https://www.fool.com/investing/2017/02/23/why-square-incs-shares-popped-18-today.aspx,https://www.highlandmirror.com/2017-02-23-forward-earnings-estimate-of-square-inc-sq,http://www.mercurynews.com/2017/02/23/biz-break-jack-dorseys-square-is-shaping-up-well/,http://www.cnbc.com/2017/02/23/square-shares-leap-to-record-high-after-earnings-beat.html,https://www.thestreet.com/story/14013864/1/square-promises-growth-as-stock-soars.html,https://www.recode.net/2017/2/23/14703104/jack-dorsey-square-thriving,,,,,,,,
NASDAQ:SQ,5/4/2017,18.28,19.9,8.86214442,earnings beat,https://seekingalpha.com/article/4069133-square-chase,http://realmoney.thestreet.com/articles/05/04/2017/cramer-jack-dorseys-odd-couple-square-and-twitter-win-big-quarter,https://www.fool.com/investing/2017/05/04/why-square-incs-shares-popped-12-today.aspx,https://www.benzinga.com/analyst-ratings/analyst-color/17/05/9404677/square-continues-to-prove-itself-one-quarter-at-a-time,http://www.pymnts.com/earnings/2017/square-surges-on-earnings-beat/,,,,,,,,,,
NASDAQ:SQ,10/26/2017,32.75,34.55,5.496183206,,https://investorplace.com/2017/10/sq-stock-square-lending/#.WfM7T2hL_tQ,https://economicsandmoney.com/2017/10/26/recent-insider-trade-dorsey-jack-bought-360-shares-of-square-inc-sq/,,,,,,,,,,,,,
NASDAQ:HPQ,2/23/2017,16.18,17.61,8.838071693,earning reports,http://seekingalpha.com/article/4048730-hp-delivers-yet-bulls-rejoice,http://finance.yahoo.com/news/hp-inc-hpq-earnings-revenues-140602500.html,http://www.nasdaq.com/article/hp-inc-hpq-earnings-revenues-surpass-estimates-in-q1-cm751903,https://www.fool.com/investing/2017/02/23/why-hp-inc-stock-jumped-10-on-thursday.aspx,,,,,,,,,,,
NYSE:HPE,2/24/2017,24.62,22.41,-8.976441917,earnings,https://www.forbes.com/sites/greatspeculations/2017/02/24/hpe-earnings-revenue-decline-continues-amid-currency-headwinds-and-challenging-business-environment/#41c8806b423f,http://finance.yahoo.com/news/why-hpe-being-dragged-down-153027604.html,http://www.nasdaq.com/article/hewlett-packard-enterprise-hpe-first-quarter-earnings-beat-not-enough-cm752549,http://www.reuters.com/article/us-hewlett-packard-results-idUSKBN1622LJ,https://www.wsj.com/articles/hp-enterprise-posts-steep-revenue-drop-lowers-outlook-1487884746,http://www.businessinsider.com/r-hp-enterprises-revenue-slips-104-percent-2017-2,,,,,,,,,
NYSE:HPE,2/3/2017,22.6,23.5,3.982300885,earning,http://finance.yahoo.com/news/board-directors-named-company-formed-130000928.html,http://www.crn.com/news/channel-programs/300083637/csc-hpe-enterprise-services-roll-out-high-powered-post-merger-board-of-directors.htm,http://www.investopedia.com/news/cisco-beats-q2-earnings-expectations/,,,,,,,,,,,,
NASDAQ:AAPL,2/1/2017,121.04,129.25,6.782881692,earning reports,http://appleinsider.com/articles/17/01/31/driven-by-its-app-stores-apples-services-business-explodes-with-717-billion-in-revenue,http://seekingalpha.com/article/4041244-observations-apples-earnings-report,http://www.marketwatch.com/story/apples-stock-surge-accounting-for-most-of-dows-early-gain-2017-02-01,https://www.cnbc.com/2017/01/31/apple-services-business-jumps-18-in-first-quarter.html,,,,,,,,,,,
NASDAQ:AAPL,4/27/2016,107.66,102.9,-4.421326398,earning reports,https://www.forbes.com/sites/georgehoward/2016/04/27/spotify-is-becoming-myspace-while-apple-music-becomes-facebook/#3d38f5c39b7d,https://www.fool.com/investing/general/2016/04/27/why-apple-inc-stock-fell-and-why-you-shouldnt-sell.aspx,,,,,,,,,,,,,
NASDAQ:AAPL,1/25/2017,120,121.86,1.55,legal, https://www.forbes.com/sites/aarontilley/2017/01/24/apples-1-billion-lawsuit-against-qualcomm-is-direct-assault-on-chipmakers-business-model/#6dcec941ac6a,http://www.reuters.com/article/us-apple-qualcomm-china-idUSKBN159264,https://www.wsj.com/articles/apple-sues-qualcomm-in-china-1485377565,,,,,,,,,,,,
NASDAQ:AAPL,3/1/2017,136.96,139.86,2.117406542,investor rally,http://www.cnbc.com/2017/03/01/the-apple-rally-will-continue-and-heres-how-i-plan-to-cash-in-trader.html,,,,,,,,,,,,,,
NASDAQ:AAPL,8/2/2017,150.05,157.14,4.725091636,earning reports,https://www.forbes.com/sites/rogeraitken/2017/08/02/apple-set-to-push-dow-past-22000-mark-ripe-for-rerating/#2c7a3b7561ad,https://www.cnbc.com/2017/08/01/apple-tech-stocks-soar-after-hours-set-to-lead-dow-to-22000-record-wednesday.html,https://www.reuters.com/article/us-apple-results-stocks/apple-hits-record-high-powers-dow-past-22000-idUSKBN1AI1DF,https://www.bloomberg.com/news/articles/2017-08-01/global-equity-gains-extend-on-earnings-results-markets-wrap,https://www.ft.com/content/0ca4cf30-7721-11e7-a3e8-60495fe6ca71,http://www.latimes.com/business/la-fi-markets-20170802-story.html,https://www.apple.com/newsroom/2017/08/apple-reports-third-quarter-results/,https://9to5mac.com/2017/08/01/aapl-all-time-high/,,,,,,,
NASDAQ:AAPL,10/19/2017,160.27,155.78,-2.801522431,business clash with facebook,https://www.recode.net/2017/10/19/16503272/facebook-apple-android-subscription-plan-instant-articles,https://9to5mac.com/2017/10/19/facebook-instant-articles-app-store-debate/,https://digiday.com/media/publishers-caught-crossfire-facebook-apple-fracas/,http://fortune.com/2017/10/19/facebook-news-subscription-tool-android-apple/,https://www.macrumors.com/2017/10/19/facebook-apple-news-subscription-service-impasse/,,,,,,,,,,
NASDAQ:TSLA,2/27/2017,256,244.25,-4.58984375,product delay,http://www.reuters.com/article/us-usa-markets-tesla-idUSKBN16624D,http://money.cnn.com/2017/02/27/investing/tesla-downgrade-sell-goldman-sachs/,https://www.bloomberg.com/news/articles/2017-02-27/tesla-slumps-in-premarket-trading-as-goldman-downgrades-to-sell,https://electrek.co/2017/02/27/tesla-tsla-stock-goldman-sachs-model-3/,http://www.barrons.com/articles/tesla-wait-now-it-wants-to-be-an-insurer-too-1488215359,http://www.businessinsider.com/wall-street-dividing-over-tesla-model-3-2017-2,http://www.marketwatch.com/story/tesla-bulls-find-another-reason-to-cheer-company-2017-02-27,https://www.fool.com/investing/2017/02/27/why-tesla-inc-stock-is-down-today.aspx,,,,,,,
NASDAQ:TSLA,2/23/2017,274.16,257.49,-6.080391013,earning loss,http://blogs.barrons.com/focusonfunds/2017/02/23/tesla-buy-the-dip-or-pump-the-brakes/,http://www.cnbc.com/2017/02/23/tesla-stock-drops-after-earnings-but-analysts-see-new-highs-ahead.html,https://www.bloomberg.com/news/articles/2017-02-23/tesla-capital-raise-seen-near-as-musk-burns-through-cash-coffers,https://www.fool.com/investing/2017/02/23/tesla-inc-likely-to-raise-capital-soon.aspx,http://www.teslarati.com/tesla-model-3-deliveries-employees-first/,https://seekingalpha.com/article/4048840-tesla-reports-earnings-cfo-heads-exit,,,,,,,,,
NASDAQ:TSLA,2/14/2017,280.74,286,1.873619719,positive outlook,http://www.businessinsider.com/tesla-stock-surge-2017-2,http://www.marketwatch.com/story/tesla-shares-are-now-2-away-from-beating-record-2017-02-14,http://www.teslarati.com/tesla-tsla-shares-surge-across-52-week-high-model-3-production-takes-stage/,,,,,,,,,,,,
NASDAQ:TSLA,2/13/2017,269.62,273.76,1.5354944,product launch,http://www.businessinsider.com/r-tesla-begins-selling-cars-dubai-2017-2,http://money.cnn.com/2017/02/13/investing/tesla-uae-elon-musk/,https://www.bloomberg.com/news/articles/2017-02-13/tesla-brings-electric-cars-to-oil-rich-supercar-loving-u-a-e,https://www.cnbc.com/2017/02/13/tesla-shares-hit-52-week-high-less-than-4-percent-from-all-time-record.html,http://www.seattletimes.com/business/tension-high-as-tesla-retools-for-model-3/,http://www.teslarati.com/elon-musk-visits-dubai-official-tesla-launch-uae/,http://www.teslarati.com/wall-street-tesla-climb-ford-comparison/,http://247wallst.com/autos/2017/02/13/tesla-market-value-reaches-88-of-fords/,http://marketrealist.com/2017/02/what-could-be-driving-the-bulls-in-tesla-stock/,,,,,,
NASDAQ:TSLA,6/21/2016,220.69,216.81,-1.758122253,merger,http://www.cnbc.com/2016/06/21/tesla-makes-offer-to-acquire-solarcity.html,http://www.recode.net/2016/6/21/11996392/tesla-stock-solarcity-acquisition,https://www.bloomberg.com/news/articles/2016-06-21/tesla-announces-offer-to-acquire-rooftop-solar-company-solarcity,https://techcrunch.com/2016/06/21/teslacity/,http://www.cbsnews.com/news/tesla-offers-2-8-billion-for-solarcity/,http://money.cnn.com/2016/06/21/technology/tesla-solarcity/index.html,http://www.latimes.com/business/autos/la-fi-hy-tesla-solarcity-20160621-snap-story.html,,,,,,,,
NASDAQ:TSLA,6/22/2017,371.71,382,2.768287106,new factory,http://www.cnbc.com/2017/06/22/tesla-says-its-exploring-a-china-car-plant-with-the-shanghai-government.html,https://www.theverge.com/2017/6/22/15855060/tesla-china-factory-talks-production-eletric-cars,https://qz.com/1012903/tesla-tsla-is-shifting-gears-in-china-by-manufacturing-its-its-own-cars-there/,https://www.ft.com/content/f1de021a-2c84-3c13-a751-e0367abd9198,http://www.marketwatch.com/story/tesla-considers-building-car-factory-in-china-2017-06-22,https://www.bloomberg.com/news/articles/2017-06-22/tesla-said-to-reach-accord-with-shanghai-to-explore-production-j487v0b0,https://www.technologyreview.com/s/608152/tesla-plans-a-chinese-factory/,https://www.forbes.com/sites/davidkiley5/2017/06/22/teslas-china-deal-should-boost-share-price-further,http://www.reuters.com/article/us-tesla-china-idUSKBN19D16I,,,,,,
NASDAQ:TSLA,7/5/2017,352.62,308.83,-12.41846747,degraded by analyst,https://techcrunch.com/2017/07/05/tesla-drops-7-after-goldman-sachs-says-the-stock-is-worth-180/,http://fortune.com/2017/07/05/tesla-stock-model-3-goldman-sachs/,https://www.bloomberg.com/news/articles/2017-07-05/tesla-drops-as-sales-plateau-ahead-of-still-mysterious-model-3,,,,,,,,,,,,
NASDAQ:TSLA,8/2/2017,325.89,356.91,9.518549204,less than expected loss,https://www.cnbc.com/2017/08/02/tesla-second-quarter-earnings-2017.html,https://techcrunch.com/2017/08/02/tesla-averaging-1800-model-3-reservations-per-day-since-last-weeks-event/,http://blogs.marketwatch.com/thetell/2017/08/02/tesla-earnings-arrive-amid-drive-toward-model-3-live-blog/,http://www.businessinsider.com/tesla-earnings-stock-price-q2-2017-8,https://seekingalpha.com/article/4094995-tesla-beat-analyst-expectations,,,,,,,,,,
NASDAQ:INTC,2/9/2017,36.39,35.21,-3.242649079,increase in competition,http://investorplace.com/2017/02/watch-out-intel-corporation-intc-stock-is-rolling-over/#.WLMtWDt96aE,http://www.senecaglobe.com/chipmaker-under-stress-on-new-opponent-microchip-technology-nasdaqmchp-intel-corporation-nasdaqintc/367683/,https://www.forbes.com/sites/antonyleather/2017/02/09/amd-ryzen-prices-revealed-massive-blow-to-intel/#2a8b55ef6131,http://investorplace.com/2017/02/watch-out-intel-corporation-intc-stock-is-rolling-over/#.WXxw-ccjHtQ,https://cnafinance.com/intel-corporation-intc-stock-falling-during-investor-day-presentation/13627,,,,,,,,,,
NASDAQ:INTC,4/27/2017,39.89,36.15,-9.375783404,earning miss,http://www.reuters.com/article/us-intel-results-idUSKBN17T2ZU,https://www.cnbc.com/2017/04/27/intel-q1-earnings-2017.html,http://www.marketwatch.com/story/intel-shares-fall-but-pc-sales-help-earnings-rise-2017-04-27,http://www.mercurynews.com/2017/04/27/intel-sees-earnings-sales-rise-but-some-weakness-in-its-data-center-business/,http://www.oregonlive.com/silicon-forest/index.ssf/2017/04/intel_first-quarter_results_1.html,,,,,,,,,,
NASDAQ:INTC,8/27/2017,41.47,43.37,4.581625271,earning reports,http://www.mercurynews.com/2017/10/27/us-stocks-are-mixed-as-tech-soars-retail-and-energy-sink/,https://www.marketwatch.com/story/intel-stock-soars-to-17-year-high-after-impressive-earnings-2017-10-27,https://www.hpcwire.com/2017/10/27/intel-heads-list-strong-3q-tech-results/,https://www.anandtech.com/show/11972/intel-announces-q3-2017-results,http://www.barrons.com/articles/intel-back-to-2000-high-bears-are-wrong-say-even-some-bears-1509141974,https://www.fool.com/investing/2017/10/27/why-intel-corp-stock-jumped-more-than-8-today.aspx,https://www.google.com/search?q=intel&tbs=qdr:d&tbm=nws&source=lnt&sa=X&ved=0ahUKEwjL96X31pLXAhUHuo8KHYn8AusQpwUIHQ&biw=1304&bih=702&dpr=1,http://www.nasdaq.com/article/intel-intc-q3-earnings-top-on-robust-data-centric-growth-cm866831,https://investorplace.com/2017/10/intel-corporation-intc/#.WfQiImhL-00,https://www.equities.com/news/intel-corporation-intc-closes-1-4-up-on-the-day-for-october-26,http://www.nasdaq.com/article/intel-corporation-q3-earnings-rise-23-20171026-02060,,,,
NASDAQ:QCOM,1/23/2017,65.13,54.74,-15.95270996,legal,https://www.bloomberg.com/news/videos/2017-01-20/apple-sues-qualcomm-over-patent-royalties,https://www.bloomberg.com/news/articles/2017-01-23/apple-s-legal-assault-on-qualcomm-is-part-of-phone-margin-grab,http://www.recode.net/2017/1/23/14364550/qualcomm-apple-suit-countersuit-likely,https://www.thestreet.com/story/13961226/1/apple-s-1-billion-lawsuit-against-qualcomm-has-to-be-music-to-intel-s-ears.html,http://nypost.com/2017/01/23/qualcomms-stock-is-getting-slammed-by-apples-lawsuit/,https://www.pcmag.com/commentary/351219/the-war-against-qualcomm-is-a-test-for-trump,http://fortune.com/2017/01/23/qualcomm-royalty-apple-under-siege/,,,,,,,,
NASDAQ:QCOM,4/12/2017,56.52,55.79,-1.291578202,legal,https://www.theverge.com/2017/4/12/15270006/qualcomm-blackberry-arbitration-815-million-royalties,http://www.sandiegouniontribune.com/business/technology/sd-fi-qualcomm-blackberry-20170412-story.html,https://www.bloomberg.com/news/articles/2017-04-12/blackberry-wins-814-9-million-from-qualcomm-in-royalty-dispute,https://www.cnbc.com/2017/04/12/blackberry-awarded-815-million-in-arbitration-case-against-qualcomm.html,https://techcrunch.com/2017/04/12/blackberry-stock-qualcomm/,,,,,,,,,,
NASDAQ:QCOM,7/20/2017,56.83,53.9,-5.155727609,earnings,http://investorplace.com/2017/07/qualcomm-inc-qcom-stock-retreats-on-uninspiring-q3-earnings/#.WXx3rccjHtQ,https://www.fool.com/investing/2017/07/19/better-buy-micron-technology-inc-vs-qualcomm-inc.aspx,http://www.marketwatch.com/story/qualcomms-issues-go-beyond-apple-fight-2017-07-19,,,,,,,,,,,,
NASDAQ:QCOM,10/12/2017,54.2,53.18,-1.881918819,legal fine,http://www.thehindubusinessline.com/info-tech/qualcomm-fined-774-m-by-taiwan/article9901770.ece,http://www.iam-media.com/blog/Detail.aspx?g=df1c6b7a-45dc-4990-8819-3f3b9fb4d01b,https://www.anandtech.com/show/11923/taiwan-qualcomm-anti-trust-fine,https://www.xda-developers.com/taiwan-qualcomm-773-million-anti-trust/,http://www.itpro.co.uk/strategy/29704/qualcomm-hit-with-774m-fine-in-yet-another-antitrust-case,http://www.itweb.co.za/index.php?option=com_content&view=article&id=165544,https://www.goandroid.co.in/qualcomm-slapped-fine-774-million-taiwans-ftc/72322/,,,,,,,,
NYSE:SNE,2/3/2017,30.18,31.9,5.699138502,earnings,https://www.bloomberg.com/news/articles/2017-02-03/sony-jumps-most-in-three-months-as-chips-games-top-movies-loss,http://www.cnbc.com/2017/02/02/sony-earnings-underlying-business-look-solid-despite-112-billion-yen-writedown-analysts-say.html,http://www.reuters.com/finance/stocks/SNE/key-developments/article/3519333,https://www.usnews.com/news/business/articles/2017-02-02/sony-records-84-pct-quarterly-profit-drop-on-movie-loss,https://www.ft.com/content/93909e00-e925-11e6-967b-c88452263daf,http://nypost.com/2017/02/02/sony-says-it-wont-sell-struggling-movie-tv-businesses/,http://www.marketwatch.com/story/sony-slashes-profit-outlook-after-film-weakness-2017-02-02,https://www.gamespot.com/articles/sony-profits-down-54-despite-strong-playstation-pe/1100-6447485/,,,,,,,
NYSE:SNE,7/11/2017,38.85,39.73,2.265122265,collaboration,https://www.theverge.com/2017/7/11/15953006/sony-music-spotify-agreement-licensing-public-offering,https://www.ft.com/content/634069c2-80a2-3051-b0e0-df39848c77dc,http://variety.com/2017/digital/news/spotify-strikes-licensing-deal-with-sony-music-windowing-1202491895/,http://www.rollingstone.com/music/news/spotify-reaches-deal-over-royalties-with-sony-music-w491703,https://www.engadget.com/2017/07/11/spotify-new-sony-licensing-deal/,http://www.billboard.com/articles/business/7864354/spotify-licensing-deal-sony-music,,,,,,,,,
NASDAQ:AMZN,2/2/2017,839.33,807.73,-3.764907724,earnings,http://www.cnbc.com/2017/02/02/amazon-earnings-fourth-quarter-q4-2016.html,http://www.bbc.com/news/business-38850224,http://www.businesswire.com/news/home/20170202006227/en/Amazon.com-Announces-Fourth-Quarter-Sales-22-43.7,https://techcrunch.com/2017/02/02/amazon-fumbles-earnings-amidst-high-expectations/,https://www.theguardian.com/technology/2017/feb/02/amazon-fourth-quarter-results-revenue-stocks,https://www.theverge.com/2017/2/2/14487152/amazon-q4-2016-earnings-report-aws-prime-delivery,https://www.forbes.com/sites/katevinton/2017/02/02/amazon-ceo-jeff-bezos-fortune-drops-2-8-billion-in-an-hour-after-mixed-amazon-earnings-report/#7630abe45459,http://www.marketwatch.com/story/amazon-stock-tumbles-following-disappointing-sales-2017-02-02,http://www.seattletimes.com/business/amazon/amazon-revenues-hit-by-stronger-dollar-miss-wall-street-expectations/,,,,,,
NASDAQ:AMZN,6/16/2017,963.6,993.5,3.102947281,acquisitions,https://www.bloomberg.com/gadfly/articles/2017-06-16/amazon-s-whole-foods-purchase-upsets-the-grocery-cart,http://fortune.com/2017/06/16/amazon-buys-whole-foods/,http://www.cnbc.com/2017/06/16/amazon-is-buying-whole-foods-in-a-deal-valued-at-13-point-7-billion.html,http://www.latimes.com/business/la-fi-amazon-whole-foods-20170616-story.html,http://www.chicagotribune.com/business/columnists/ct-amazon-grocery-shakeup-robert-reed-0618-biz-20170616-column.html,http://www.npr.org/sections/thetwo-way/2017/06/16/533199862/amazon-says-it-will-buy-whole-foods-in-13-7-billion-deal,https://www.washingtonpost.com/news/business/wp/2017/06/16/amazon-to-buy-whole-foods-market-in-deal-valued-at-13-7-billion-2/,http://nypost.com/2017/06/16/amazon-buys-whole-foods-in-13-7b-deal/,http://www.economist.com/news/business-and-finance/21723680-investors-hammered-shares-other-grocers-wake-deal-industry-shudders,,,,,,
NASDAQ:AMZN,7/27/2017,1046,987.78,-5.565965583,earning reports,http://deadline.com/2017/07/amazon-shares-slip-weak-q2-earnings-depriving-jeff-bezos-richest-person-1202137555/,https://www.marketwatch.com/story/amazons-free-spending-ways-hit-earnings-but-dont-expect-a-shift-to-thrift-2017-07-27,https://www.theverge.com/2017/7/27/16052792/amazon-q2-2017-earnings-jeff-bezos-worlds-richest-person-title,http://fortune.com/2017/07/27/jeff-bezos-amazon-earnings-second-richest-person/,http://money.cnn.com/2017/07/27/technology/business/amazon-earnings/index.html,http://www.businessinsider.com/amazon-q2-earnings-2017-7,https://www.thestreet.com/story/14246573/1/amazon-drops-following-earnings-miss.html,http://variety.com/2017/digital/news/amazon-q2-2017-earnings-1202508796/,https://money.usnews.com/investing/stock-market-news/articles/2017-07-27/amazoncom-inc-amzn-stock-earnings-q2,,,,,,
NASDAQ:AMZN,10/27/2017,974.35,1090.55,11.92589932,earning reports,https://www.cnbc.com/2017/10/27/amazon-shares-jump-as-internet-giants-massive-investments-pay-off-analysts.html,https://seekingalpha.com/article/4117626-amazon-earning-report-5-desirable-facts,http://adage.com/article/cmo-strategy/amazon-comments-foods-delivery-video/311059/,https://www.publishersweekly.com/pw/by-topic/industry-news/financial-reporting/article/75217-whole-foods-adds-nearly-1-3-billion-to-amazon.html,https://www.bloomberg.com/news/articles/2017-10-27/tech-earnings-takeaway-cloud-growth-boosts-amazon-microsoft,,,,,,,,,,
NYSE:IBM,1/19/2017,167.59,170.03,1.455934125,earnings,http://www.marketwatch.com/story/ibm-hits-52-week-high-after-beating-on-earnings-2017-01-19,http://www.cnbc.com/2017/01/19/ibm-reports-fourth-quarter-q4-2016-earnings.html,http://fortune.com/2017/01/19/ibm-hopeful-declining-revenue/,https://www.forbes.com/sites/alexkonrad/2017/01/19/ibm-posts-earnings-beat-in-q4-and-raised-guidance-for-2017-but-stock-plunges/#182ca3cf61c1,https://www.wsj.com/articles/ibm-revenue-declines-again-1484861369,http://www.businessinsider.com/ibms-quarterly-revenue-falls-13-percent-2017-1,,,,,,,,,
NYSE:IBM,4/18/2017,170.05,161.69,-4.916201117,earnings,http://fortune.com/2017/04/18/ibm-cloud-earnings/,http://www.businessinsider.com/ibm-earnings-revenue-has-fallen-for-20-quarters-in-a-row-2017-4,http://www.foxbusiness.com/markets/2017/04/18/ibm-posts-first-revenue-miss-in-five-quarters-shares-drop.html,http://investorplace.com/2017/04/what-will-international-business-machines-corp-ibm-q1-earnings-bring/#.WXyG0McjHtQ,https://stocknews.com/news/ibm-beats-eps-estimates-by-0-03-misses-on-revenues/,https://www.cnbc.com/2017/04/18/ibm-earnings-q1-2017.html,http://fortune.com/2017/04/18/ibm-earnings-strategic-imperatives/,http://www.poughkeepsiejournal.com/story/money/companies/ibm/2017/04/18/ibm-earnings-2017-q1-report/100606704/,https://www.bloomberg.com/news/articles/2017-04-18/ibm-misses-estimates-in-20th-straight-quarterly-revenue-decline,https://www.ft.com/content/1ec54540-2489-11e7-8691-d5f7e0cd0a16,https://seekingalpha.com/article/4063160-ibm-little-growth-great-dividend,,,,
NYSE:IBM,7/19/2017,153.31,147.35,-3.887548105,earnings miss,http://appsforpcdaily.com/2017/07/ibm-revenue-continues-to-fall/,http://newburghgazette.com/2017/07/19/ibm-misses-on-q2-revenues/,https://www.cnbc.com/2017/07/19/analyst-says-ibm-stock-could-fall-18-percent-and-watson-wont-save-the-day.html,https://www.fool.com/investing/2017/07/19/ibm-hands-investors-another-mixed-bag.aspx,,,,,,,,,,,
NYSE:IBM,10/18/2017,146.48,159.66,8.997815401,earning,https://www.cnbc.com/2017/10/18/us-stocks-ibm-earnings-dow-23000.html,https://www.reuters.com/article/us-usa-stocks/dow-ends-above-23000-for-first-time-ibm-jumps-idUSKBN1CN1L4,https://www.marketwatch.com/story/dow-industrials-on-track-to-stay-around-23000-milestone-2017-10-18,https://www.usatoday.com/story/opinion/2017/10/18/dow-above-23-000-defies-politics-and-punditry-editorials-debates/777174001/,https://www.benzinga.com/analyst-ratings/analyst-color/17/10/10194838/what-wall-street-thinks-of-ibms-big-q3-earnings-beat,https://www.marketwatch.com/story/ibms-stock-price-surge-would-add-over-50-points-to-the-dow-2017-10-18,https://www.wsj.com/articles/ibm-big-blue-coming-out-of-the-red-1508345892,https://www.thestreet.com/story/14347290/1/can-ibm-rally-to-188-a-share.html,https://seekingalpha.com/article/4114436-ibm-q3-results-promising-investors-remain-cautious,,,,,,
NASDAQ:CSCO,2/16/2017,32.8,33.8,3.048780488,earning,https://www.fool.com/investing/2017/02/16/cisco-boosts-dividend-amid-weak-switching-and-rout.aspx,http://investorplace.com/2017/02/csco-stock-beats-estimates-hikes-dividend/#.WLgH9tR95ko,http://www.investopedia.com/news/cisco-beats-q2-earnings-expectations/,http://www.investors.com/news/technology/cisco-wins-pt-hikes-on-sign-software-services-clicking/,https://seekingalpha.com/article/4046689-cisco-earnings-disappointment,https://www.thestreet.com/story/14004459/1/cisco-s-numbers-weren-t-spectacular-but-good-enough-in-this-market.html,http://www.marketwatch.com/story/cisco-as-a-service-subscription-focus-helps-stock-turn-around-after-earnings-2017-02-15,http://searchnetworking.techtarget.com/news/450413184/Cisco-revenue-continues-to-fall-from-weak-sales-in-switches-routers,http://www.zdnet.com/article/ciscos-q2-highlights-enterprise-tech-shifts-here-are-six-takeaways/,,,,,,
NASDAQ:CSCO,5/17/2017,33.82,31.38,-7.214665878,job cuts,http://www.mercurynews.com/2017/05/17/cisco-systems-stock-takes-a-beating-after-outlook-disappoints/,https://www.ft.com/content/f7efab50-3b4d-11e7-821a-6027b8a20f23,http://www.businessinsider.com/live-cisco-reports-third-quarter-earnings-2017-5,https://www.forbes.com/sites/greatspeculations/2017/05/18/ciscos-network-security-wireless-products-drive-results/#2af8aded7e10,http://www.reuters.com/article/us-cisco-results-idUSKCN18D2LT,https://seekingalpha.com/news/3268243-cisco-minus-4_8-percent-current-quarter-guidance-disappoints,https://www.cnbc.com/2017/05/17/cisco-earnings-layoffs-job-cuts-announced-guidance-below-estimates.html,http://www.ciodive.com/news/cisco-to-cut-another-1000-jobs-as-it-struggles-to-regain-footing/442995/,https://www.sdxcentral.com/articles/news/cisco-lays-off-1100-employees-november-2017/2017/05/,https://www.ft.com/content/609a1f63-daaa-39ce-adfb-2edbeb7433fa,https://www.benzinga.com/analyst-ratings/analyst-color/17/05/9486701/cisco-hands-in-solid-results-weak-outlook-in-q3-report,,,,
NASDAQ:CSCO,8/16/2017,32.34,30.37,-6.09152752,earning reports,https://www.cnbc.com/2017/08/16/cisco-earnings-q4-2017.html,http://searchnetworking.techtarget.com/news/450424714/Cisco-revenues-fall-likely-to-go-lower,https://finance.yahoo.com/news/cisco-csco-stock-dips-revenue-214809444.html,http://marketrealist.com/2017/08/cisco-systems-revenues-fell-4-year-over-year-in-fiscal-4q17/,http://www.nasdaq.com/article/cisco-csco-meets-q4-earnings-estimates-revenues-beat-cm833406,,,,,,,,,,
NYSE:V,2/3/2017,82.34,85.89,4.31139179,earning reports,http://finance.yahoo.com/news/visa-inc-reports-strong-fiscal-210500368.html,http://www.rttnews.com/2740052/visa-inc-profit-rises-7-in-q1.aspx,http://seekingalpha.com/article/4042318-visa-v-q1-2017-results-earnings-call-transcript,https://finance.yahoo.com/news/visa-v-tops-q1-earnings-113811459.html,http://www.firstpost.com/tech/news-analysis/visa-posts-better-than-expected-profits-and-revenues-3697165.html,http://www.nasdaq.com/article/earnings-make-long-term-case-for-visa-v-and-mastercard-ma-cm742848,https://www.benzinga.com/analyst-ratings/analyst-color/17/02/8991616/under-new-ceo-visa-delivers-its-best-quarter-in-awhile,https://www.benzinga.com/trading-ideas/technicals/17/02/8993084/visa-makes-new-all-time-high-after-q1-report,,,,,,,
NYSE:V,7/10/2017,94.28,95.21,0.98642342,boosted by analyst,http://timesofindia.indiatimes.com/business/international-business/visa-inc-shares-up-after-deutsche-bank-raises-pt/articleshow/59532217.cms,http://timesofindia.indiatimes.com/business/international-business/visa-inc-shares-up-after-deutsche-bank-raises-pt/articleshow/59532217.cms,,,,,,,,,,,,,
NYSE:V,7/21/2017,98.35,100.01,1.687849517,earning reports,http://www.finchannel.com/business/banksandservices/66753-visa-inc-reports-strong-fiscal-third-quarter-2017-results,https://seekingalpha.com/article/4089368-visa-going-100,https://fxdailyreport.com/visa-inc-nyse-v-stock-rising/,https://www.thecerbatgem.com/2017/07/28/bidaskclub-upgrades-visa-inc-v-to-strong-buy.html,https://www.zacks.com/stock/news/268461/visa-v-beats-on-q3-earnings-and-revenues-tweaks-view,https://www.equities.com/news/visa-inc-v-moves-higher-on-volume-spike-for-july-21,https://ticker.tv/news/visa-stock-beats-earnings-shares-up-fractionally/5043,https://www.benzinga.com/analyst-ratings/analyst-color/17/07/9806327/visa-returns-more-than-100-of-its-profits-to-shareholder,https://www.benzinga.com/analyst-ratings/analyst-color/17/07/9806005/give-visa-credit-a-strong-q3-bolstered-by-a-bright-outlo,,,,,,
NYSE:V,10/25/2017,108.23,109.72,1.376697773,earning reports,https://www.cnbc.com/2017/10/25/visa-quarterly-profit-rises-11-percent.html,https://www.marketwatch.com/story/visa-profit-buoyed-by-growing-payments-volumes-2017-10-25-144853827,https://www.reuters.com/article/us-visa-results/visas-profit-beats-on-higher-card-swipes-stock-at-record-idUSKBN1CU19E,http://www.sfgate.com/business/article/Visa-beats-Street-4Q-forecasts-12304476.php,,,,,,,,,,,
NASDAQ:GOOGL,4/28/2017,891.44,924.52,3.710849861,Revenue beat,http://www.reuters.com/article/us-alphabet-results-idUSKBN17T2ZZ,https://seekingalpha.com/article/4066388-alphabet-amazing-adjusted-numbers,http://www.valuewalk.com/2017/04/alphabet-shares-earnings/,http://investorplace.com/2017/04/look-to-short-alphabet-inc-googl-stock-after-q1-earnings/#.WU7B0tR97Gg,https://finance.yahoo.com/news/alphabet-posts-1q-profit-202423100.html,https://www.ft.com/content/4f2a58c8-2b88-11e7-bc4b-5528796fe35c,,,,,,,,,
NASDAQ:GOOGL,6/9/2017,1001,954.32,-4.663336663,Company exit,https://www.equities.com/news/alphabet-inc-goog-dips-3-41-for-june-09,http://www.nasdaq.com/article/alphabet-sells-robotics-unit-boston-dynamics-to-softbank-cm801318,http://sanfrancisco.cbslocal.com/2017/06/09/softbank-buys-robotics-leader-boston-dynamics-from-google-parent/,https://www.theglobeandmail.com/report-on-business/international-business/asian-pacific-business/softbank-to-buy-robotics-businesses-from-alphabet-inc/article35259981/,https://stocknews.com/news/googl-google-parent-alphabet-inc-will-sell-robotics-companies-boston-dynamics/,,,,,,,,,,
NASDAQ:GOOGL,6/15/2017,977.79,950,-2.842123564,downgraded by analyst,https://stocknews.com/news/googl-canaccord-genuity-cuts-to-a-hold/,http://www.marketwatch.com/story/googles-alphabet-downgraded-amid-fang-stocks-selloff-2017-06-15,https://seekingalpha.com/article/4081838-alphabet-use-right-numbers,,,,,,,,,,,,
NASDAQ:GOOGL,7/17/2017,1004.05,968.18,-3.572531248,earning miss,https://seekingalpha.com/article/4090280-alphabet-falls-earnings-buying-opportunity,http://www.marketwatch.com/story/alphabet-earnings-keep-google-investors-in-dark-2017-07-24,https://www.reuters.com/article/us-alphabet-results-idUSKBN1A92GZ,http://timesofindia.indiatimes.com/business/international-business/alphabet-inc-shares-slip-brokerages-slash-pt/articleshow/59756734.cms,http://www.marketwatch.com/story/alphabet-reports-second-quarter-earnings-beat-2017-07-24,,,,,,,,,,
NASDAQ:GOOGL,7/25/2017,1001.12,969.53,-3.155465878,legal fines,http://fortune.com/2017/07/24/google-earnings-fine-quarter/,https://www.washingtonpost.com/news/the-switch/wp/2017/07/24/google-profits-drop-on-2-7-billion-eu-fine-but-growth-is-steady/?utm_term=.2a43f1b1fe48,https://www.ft.com/content/b46de9d6-70aa-11e7-aca6-c6bd07df1a3c,http://blogs.marketwatch.com/thetell/2017/07/24/alphabet-earnings-likely-to-focus-on-youtube-after-big-fine-live-blog/,http://www.investors.com/news/technology/how-will-google-clear-up-search-result-issues-in-european-union/,http://www.businessinsider.com/alphabet-google-earnings-preview-2017-7,https://www.cnbc.com/2017/07/24/alphabet-earnings-preview-q2-2017.html,https://seekingalpha.com/article/4089865-alphabet-earnings-preview-google-parent-reports-q2-results-today,,,,,,,
NASDAQ:GOOGL,10/27/2017,1029.82,1049.44,1.905187314,earning reports,https://www.theatlantic.com/business/archive/2017/10/google-cannot-be-stopped/544202/,http://www.businessinsider.com/amazon-web-services-is-battling-microsoft-azure-and-google-cloud-2017-10,http://fortune.com/2017/10/27/microsoft-amazon-google-thrive-earnings/,https://www.wsj.com/articles/google-parent-alphabets-profit-grows-33-1509049686,https://www.equities.com/news/alphabet-inc-googl-rises-4-26-for-october-27,http://host.madison.com/business/investment/markets-and-stocks/why-alphabet-inc-stock-popped-today/article_bcb3ab6b-6ed9-5f3d-96f0-765acc3173be.html,,,,,,,,,
NYSE:TWTR,6/21/2017,16.91,17.92,5.972797161,Strong Advertizer outlook,http://www.cnbc.com/2017/06/21/twitter-report-of-strong-advertiser-outlook.html,http://host.madison.com/business/investment/markets-and-stocks/here-s-why-twitter-s-turnaround-is-going-to-work/article_521999a0-caaf-523c-8207-883c7062656e.html,https://www.benzinga.com/analyst-ratings/analyst-color/17/06/9637120/twitter-shares-rally-after-analyst-receives-positive-con,http://www.investors.com/news/technology/twitter-up-on-positive-advertiser-comments-on-live-streaming/,http://www.siliconbeat.com/2017/06/22/twitter-shares-continue-climb-along-area-temperatures/,https://www.thestreet.com/story/14189505/1/twitter-s-stock-price-is-exploding-wednesday-should-you-buy-it.html,https://www.thestreet.com/story/14189449/1/twitter-s-has-been-working-hard-on-live-content-now-advertisers-are-taking-note.html,http://www.nasdaq.com/article/heres-why-twitter-twtr-stock-gained-today-cm806597,https://amigobulls.com/articles/2017-06-22-why-the-rally-in-twitter-inc-twtr-stock-could-continue-for-now,http://investorplace.com/2017/06/twitter-inc-twtr-stock-is-soaring-this-is-your-play/#.WU7HxtR97Gg,http://learnbonds.com/134068/twitter-inc-twtr-spikes-on-publication-can-it-hold-on/,,,,
NYSE:TWTR,4/26/2017,14.66,16.61,13.30150068,Revenue beat,https://techcrunch.com/2017/04/26/twitters-first-quarter-was-a-surprise-much-needed-hit/,http://fortune.com/2017/04/26/twitter-stock-users/,https://www.forbes.com/forbes/welcome/?toURL=https://www.forbes.com/sites/kathleenchaykowski/2017/04/26/twitter-shares-spike-on-first-quarter-earnings-and-user-growth-that-beat-estimates/&refURL=https://www.google.com/&referrer=https://www.google.com/,https://www.nytimes.com/2017/04/26/business/twitter-q1-earnings.html,https://www.theguardian.com/technology/2017/apr/26/twitter-revenues-fall-first-quarter-results-advertising,https://www.cnet.com/news/twitter-q1-2017-earnings/,https://www.forbes.com/sites/kathleenchaykowski/2017/04/26/twitter-shares-spike-on-first-quarter-earnings-and-user-growth-that-beat-estimates/#1e23bcdf4ac2,https://www.usnews.com/news/best-states/california/articles/2017-04-26/trumps-constant-tweeting-isnt-lifting-twitters-profit,,,,,,,
NYSE:TWTR,7/27/2017,19.45,17.1,-12.08226221,no user growth,http://www.barrons.com/articles/twitter-drops-12-why-isnt-top-of-the-funnel-growing-street-asks-1501166279,https://www.dailydot.com/debug/twitter-loses-2-million-users-trump/,http://money.cnn.com/2017/07/27/technology/business/twitter-earnings/index.html,https://www.recode.net/2017/7/27/16049084/twitter-jack-dorsey-q2-earnings-2017,http://www.latimes.com/business/technology/la-fi-tn-twitter-earnings-20170727-story.html,https://www.inc.com/associated-press/twitter-earnings-second-quarter-results-2017-q217.html,https://www.fool.com/investing/2017/07/27/why-twitter-inc-stock-plummeted-on-thursday.aspx,https://techcrunch.com/2017/04/26/twitters-first-quarter-was-a-surprise-much-needed-hit/,,,,,,,
NYSE:TWTR,10/26/2017,17.17,19.34,12.63832266,earning reports,https://www.forbes.com/sites/laurengensler/2017/10/26/twitter-third-quarter-earnings/#15d1e40e4637,https://www.theverge.com/2017/10/26/16548748/twitter-q3-2017-earnings-mau-revenue,https://www.axios.com/twitter-stock-rises-post-earnings-despite-inflating-user-numbers-2501794696.html,http://www.firstpost.com/tech/news-analysis/twitter-edges-closer-to-its-first-profitable-quarter-after-sharp-reduction-in-expenses-4178445.html,https://www.reuters.com/article/us-twitter-results/twitter-says-it-could-turn-first-ever-profit-shares-surge-idUSKBN1CV1JP,http://www.ksdk.com/article/news/nation-now/how-much-reach-do-facebook-and-twitter-have-data-may-not-be-as-accurate-as-you-think/465-08e8bfaa-31e5-4101-9890-735574099bea,,,,,,,,,
